owner_login,path,pushed_at,ssh_url,project_url,default_branch
voidTM,voidTM/CourseProject,2021-12-07 00:05:07,git@github.com:voidTM/CourseProject.git,https://github.com/voidTM/CourseProject,main
sidmeister,sidmeister/CourseProject,2021-12-04 00:19:18,git@github.com:sidmeister/CourseProject.git,https://github.com/sidmeister/CourseProject,main
rm36,rm36/CourseProject,2021-11-16 05:50:51,git@github.com:rm36/CourseProject.git,https://github.com/rm36/CourseProject,main
AlexZurski,AlexZurski/CourseProject,2021-12-07 19:11:56,git@github.com:AlexZurski/CourseProject.git,https://github.com/AlexZurski/CourseProject,main
mnhuoi,mnhuoi/CourseProject,2021-11-15 00:15:51,git@github.com:mnhuoi/CourseProject.git,https://github.com/mnhuoi/CourseProject,main
Hejingze,Hejingze/CourseProject,2021-11-11 18:03:02,git@github.com:Hejingze/CourseProject.git,https://github.com/Hejingze/CourseProject,main
mebespencer,mebespencer/CourseProject,2021-11-04 21:25:29,git@github.com:mebespencer/CourseProject.git,https://github.com/mebespencer/CourseProject,main
mthatt,mthatt/CourseProject,2021-11-02 00:15:15,git@github.com:mthatt/CourseProject.git,https://github.com/mthatt/CourseProject,main
johnkz2,johnkz2/CourseProject,2021-11-16 03:18:21,git@github.com:johnkz2/CourseProject.git,https://github.com/johnkz2/CourseProject,main
Scott-Huang,Scott-Huang/CourseProject,2021-12-07 06:21:32,git@github.com:Scott-Huang/CourseProject.git,https://github.com/Scott-Huang/CourseProject,main
gsklyr,gsklyr/CourseProject,2021-11-16 03:25:48,git@github.com:gsklyr/CourseProject.git,https://github.com/gsklyr/CourseProject,main
TakumiDawn,TakumiDawn/Congress-Financial-Disclosures-Sentiment-Analysis-Project,2021-11-18 02:08:12,git@github.com:TakumiDawn/Congress-Financial-Disclosures-Sentiment-Analysis-Project.git,https://github.com/TakumiDawn/Congress-Financial-Disclosures-Sentiment-Analysis-Project,main
realLongjiLi,realLongjiLi/CourseProject,2021-12-04 21:35:43,git@github.com:realLongjiLi/CourseProject.git,https://github.com/realLongjiLi/CourseProject,main
abot3,abot3/CourseProject,2021-12-07 09:26:42,git@github.com:abot3/CourseProject.git,https://github.com/abot3/CourseProject,main
Anthony-S4,Anthony-S4/CourseProject,2021-12-07 00:05:06,git@github.com:Anthony-S4/CourseProject.git,https://github.com/Anthony-S4/CourseProject,main
mrprice3,mrprice3/CourseProject,2021-10-25 05:31:54,git@github.com:mrprice3/CourseProject.git,https://github.com/mrprice3/CourseProject,main
erikl2,erikl2/CourseProject,2021-11-15 02:05:11,git@github.com:erikl2/CourseProject.git,https://github.com/erikl2/CourseProject,main
godsell3,godsell3/CourseProject,2021-12-02 22:34:40,git@github.com:godsell3/CourseProject.git,https://github.com/godsell3/CourseProject,main
avinashnathan1,avinashnathan1/CourseProject,2021-11-16 01:17:06,git@github.com:avinashnathan1/CourseProject.git,https://github.com/avinashnathan1/CourseProject,main
roy-liu,roy-liu/CourseProject,2021-11-16 03:02:35,git@github.com:roy-liu/CourseProject.git,https://github.com/roy-liu/CourseProject,main
akashrpatel621,akashrpatel621/CourseProject,2021-12-06 02:23:53,git@github.com:akashrpatel621/CourseProject.git,https://github.com/akashrpatel621/CourseProject,main
eckels,eckels/CourseProject,2021-12-07 09:33:06,git@github.com:eckels/CourseProject.git,https://github.com/eckels/CourseProject,main
mpolsgrove,mpolsgrove/CourseProject,2021-11-15 21:40:44,git@github.com:mpolsgrove/CourseProject.git,https://github.com/mpolsgrove/CourseProject,main
Jiaqicao257,Jiaqicao257/team_aplus_project,2021-12-07 04:09:06,git@github.com:Jiaqicao257/team_aplus_project.git,https://github.com/Jiaqicao257/team_aplus_project,main
jennz0,jennz0/CourseProject,2020-12-14 03:29:45,git@github.com:jennz0/CourseProject.git,https://github.com/jennz0/CourseProject,main
GiuseppeIII,GiuseppeIII/CS410CourseProject,2021-11-15 18:59:12,git@github.com:GiuseppeIII/CS410CourseProject.git,https://github.com/GiuseppeIII/CS410CourseProject,main
karthik63,karthik63/ChromeEntity,2021-11-16 05:09:25,git@github.com:karthik63/ChromeEntity.git,https://github.com/karthik63/ChromeEntity,main
shreyarao,shreyarao/CourseProject,2021-11-16 05:01:48,git@github.com:shreyarao/CourseProject.git,https://github.com/shreyarao/CourseProject,main
ryan-berry-72,ryan-berry-72/CourseProject,2021-11-16 01:13:28,git@github.com:ryan-berry-72/CourseProject.git,https://github.com/ryan-berry-72/CourseProject,main
diane630,diane630/CourseProject,2021-12-06 18:42:32,git@github.com:diane630/CourseProject.git,https://github.com/diane630/CourseProject,main
IEnjoyEatingCookies,IEnjoyEatingCookies/CourseProject,2021-12-07 04:58:53,git@github.com:IEnjoyEatingCookies/CourseProject.git,https://github.com/IEnjoyEatingCookies/CourseProject,main
tobyzl2,tobyzl2/CourseProject,2021-11-15 22:42:06,git@github.com:tobyzl2/CourseProject.git,https://github.com/tobyzl2/CourseProject,main
ardelysti,ardelysti/CourseProject,2021-11-17 05:11:50,git@github.com:ardelysti/CourseProject.git,https://github.com/ardelysti/CourseProject,main
yuanchung1987,yuanchung1987/CourseProject,2020-12-14 03:29:45,git@github.com:yuanchung1987/CourseProject.git,https://github.com/yuanchung1987/CourseProject,main
DrLucky2,DrLucky2/CourseProject,2021-11-16 04:45:10,git@github.com:DrLucky2/CourseProject.git,https://github.com/DrLucky2/CourseProject,main
emeraldrains,emeraldrains/CourseProject,2021-12-07 11:10:09,git@github.com:emeraldrains/CourseProject.git,https://github.com/emeraldrains/CourseProject,main
SathishRama,SathishRama/CourseProject,2021-12-05 03:59:46,git@github.com:SathishRama/CourseProject.git,https://github.com/SathishRama/CourseProject,main
MinsooKim15,MinsooKim15/CS410_QuestionAnswering,2021-11-25 07:48:58,git@github.com:MinsooKim15/CS410_QuestionAnswering.git,https://github.com/MinsooKim15/CS410_QuestionAnswering,main
ruikang2,ruikang2/BookmarkSearchEngine,2021-11-16 02:36:39,git@github.com:ruikang2/BookmarkSearchEngine.git,https://github.com/ruikang2/BookmarkSearchEngine,main
li-951,li-951/CourseProject,2021-11-16 02:14:22,git@github.com:li-951/CourseProject.git,https://github.com/li-951/CourseProject,main
VAkarsh20,VAkarsh20/CS410CourseProject,2021-12-06 21:54:59,git@github.com:VAkarsh20/CS410CourseProject.git,https://github.com/VAkarsh20/CS410CourseProject,main
JiningSong,JiningSong/CourseProject,2021-11-17 05:53:17,git@github.com:JiningSong/CourseProject.git,https://github.com/JiningSong/CourseProject,main
ycchang4,ycchang4/CourseProject,2021-12-07 02:27:24,git@github.com:ycchang4/CourseProject.git,https://github.com/ycchang4/CourseProject,main
k72564,k72564/CourseProject,2021-11-16 04:52:51,git@github.com:k72564/CourseProject.git,https://github.com/k72564/CourseProject,main
coronatsai,coronatsai/CourseProject,2021-11-16 01:36:54,git@github.com:coronatsai/CourseProject.git,https://github.com/coronatsai/CourseProject,main
XueyangLiOSU,XueyangLiOSU/CourseProject,2021-12-07 02:58:01,git@github.com:XueyangLiOSU/CourseProject.git,https://github.com/XueyangLiOSU/CourseProject,main
deep-finders,deep-finders/CourseProject,2021-12-02 17:29:44,git@github.com:deep-finders/CourseProject.git,https://github.com/deep-finders/CourseProject,main
khylecalimlim,khylecalimlim/CourseProject,2021-10-25 02:20:58,git@github.com:khylecalimlim/CourseProject.git,https://github.com/khylecalimlim/CourseProject,main
yasiss,yasiss/CourseProject-GoodreadsScraper,2021-11-15 06:18:00,git@github.com:yasiss/CourseProject-GoodreadsScraper.git,https://github.com/yasiss/CourseProject-GoodreadsScraper,main
anumehaagrawal,anumehaagrawal/CourseProject,2021-12-05 04:18:52,git@github.com:anumehaagrawal/CourseProject.git,https://github.com/anumehaagrawal/CourseProject,main
LongN22,LongN22/CourseProject,2021-11-16 04:19:16,git@github.com:LongN22/CourseProject.git,https://github.com/LongN22/CourseProject,main
ttt-77,ttt-77/CourseProject,2021-12-07 06:54:03,git@github.com:ttt-77/CourseProject.git,https://github.com/ttt-77/CourseProject,main
braydenturner,braydenturner/CourseProject,2021-12-07 07:21:50,git@github.com:braydenturner/CourseProject.git,https://github.com/braydenturner/CourseProject,main
dani-richmond,dani-richmond/CourseProject,2021-12-07 07:13:56,git@github.com:dani-richmond/CourseProject.git,https://github.com/dani-richmond/CourseProject,main
preetiamin,preetiamin/CourseProject,2021-12-07 18:34:03,git@github.com:preetiamin/CourseProject.git,https://github.com/preetiamin/CourseProject,main
davegii,davegii/CourseProject,2021-12-06 20:34:28,git@github.com:davegii/CourseProject.git,https://github.com/davegii/CourseProject,main
nanyiyang,nanyiyang/CourseProject,2021-12-06 01:47:10,git@github.com:nanyiyang/CourseProject.git,https://github.com/nanyiyang/CourseProject,main
nstruong13,nstruong13/CourseProject,2021-12-07 05:54:20,git@github.com:nstruong13/CourseProject.git,https://github.com/nstruong13/CourseProject,main
LifeBringer,LifeBringer/CourseProject,2021-12-07 01:27:18,git@github.com:LifeBringer/CourseProject.git,https://github.com/LifeBringer/CourseProject,main
urviawasthi,urviawasthi/CourseProject,2021-12-07 10:58:00,git@github.com:urviawasthi/CourseProject.git,https://github.com/urviawasthi/CourseProject,main
gdeb2,gdeb2/CourseProject,2021-12-02 05:01:00,git@github.com:gdeb2/CourseProject.git,https://github.com/gdeb2/CourseProject,main
shefali4,shefali4/CourseProject,2021-12-07 18:17:11,git@github.com:shefali4/CourseProject.git,https://github.com/shefali4/CourseProject,main
jaeroong,jaeroong/CourseProject,2021-11-18 04:14:26,git@github.com:jaeroong/CourseProject.git,https://github.com/jaeroong/CourseProject,main
ratanbajpai,ratanbajpai/CourseProject,2021-11-15 04:31:46,git@github.com:ratanbajpai/CourseProject.git,https://github.com/ratanbajpai/CourseProject,main
guoyuhan717,guoyuhan717/CourseProject,2021-11-16 05:02:58,git@github.com:guoyuhan717/CourseProject.git,https://github.com/guoyuhan717/CourseProject,main
sujay170nanj,sujay170nanj/CourseProject,2021-10-25 03:27:56,git@github.com:sujay170nanj/CourseProject.git,https://github.com/sujay170nanj/CourseProject,main
ritikd2,ritikd2/CourseProject,2021-11-15 23:08:42,git@github.com:ritikd2/CourseProject.git,https://github.com/ritikd2/CourseProject,main
shiyao3,shiyao3/CourseProject,2021-11-16 02:57:59,git@github.com:shiyao3/CourseProject.git,https://github.com/shiyao3/CourseProject,main
arvindsankar,arvindsankar/CourseProject,2021-12-07 00:26:55,git@github.com:arvindsankar/CourseProject.git,https://github.com/arvindsankar/CourseProject,main
tpjwm,tpjwm/CourseProject,2021-11-16 04:39:10,git@github.com:tpjwm/CourseProject.git,https://github.com/tpjwm/CourseProject,main
rtb-illinois,rtb-illinois/CourseProject,2021-12-07 04:46:30,git@github.com:rtb-illinois/CourseProject.git,https://github.com/rtb-illinois/CourseProject,main
stanleymho,stanleymho/uiuc-cs410-final-project,2021-12-05 05:08:56,git@github.com:stanleymho/uiuc-cs410-final-project.git,https://github.com/stanleymho/uiuc-cs410-final-project,main
edhadgu,edhadgu/r-soccer-Analyzer,2021-11-16 05:11:21,git@github.com:edhadgu/r-soccer-Analyzer.git,https://github.com/edhadgu/r-soccer-Analyzer,main
yihaotan,yihaotan/CourseProject,2021-11-30 02:29:56,git@github.com:yihaotan/CourseProject.git,https://github.com/yihaotan/CourseProject,main
17JamesH,17JamesH/CourseProject,2021-12-07 03:08:00,git@github.com:17JamesH/CourseProject.git,https://github.com/17JamesH/CourseProject,main
chenjundongted,chenjundongted/CourseProject,2021-12-06 23:38:38,git@github.com:chenjundongted/CourseProject.git,https://github.com/chenjundongted/CourseProject,main
georgezhang2232,georgezhang2232/CourseProject,2021-11-15 03:48:27,git@github.com:georgezhang2232/CourseProject.git,https://github.com/georgezhang2232/CourseProject,main
timp33,timp33/CourseProject,2021-12-07 16:06:55,git@github.com:timp33/CourseProject.git,https://github.com/timp33/CourseProject,main
cotcat,cotcat/CourseProject,2021-11-15 20:32:38,git@github.com:cotcat/CourseProject.git,https://github.com/cotcat/CourseProject,main
matthewmechtly,matthewmechtly/CourseProject,2021-12-07 20:31:01,git@github.com:matthewmechtly/CourseProject.git,https://github.com/matthewmechtly/CourseProject,main
Sinba7,Sinba7/CourseProject,2021-11-16 06:16:05,git@github.com:Sinba7/CourseProject.git,https://github.com/Sinba7/CourseProject,main
kb-rahul,kb-rahul/CourseProject,2021-11-15 16:14:57,git@github.com:kb-rahul/CourseProject.git,https://github.com/kb-rahul/CourseProject,main
kcen14,kcen14/CourseProject,2021-11-15 02:08:48,git@github.com:kcen14/CourseProject.git,https://github.com/kcen14/CourseProject,main
nmohiu6,nmohiu6/CourseProject,2021-12-07 04:12:14,git@github.com:nmohiu6/CourseProject.git,https://github.com/nmohiu6/CourseProject,main
AShipway,AShipway/CourseProject,2021-11-15 19:49:56,git@github.com:AShipway/CourseProject.git,https://github.com/AShipway/CourseProject,main
tonymuu,tonymuu/CourseProject,2021-12-07 05:50:33,git@github.com:tonymuu/CourseProject.git,https://github.com/tonymuu/CourseProject,main
waelmb,waelmb/Results-Caching-System,2021-12-06 21:40:22,git@github.com:waelmb/Results-Caching-System.git,https://github.com/waelmb/Results-Caching-System,main
kristina2018,kristina2018/CourseProject,2021-11-18 01:05:16,git@github.com:kristina2018/CourseProject.git,https://github.com/kristina2018/CourseProject,main
siswara,siswara/MedRecommendExt,2021-12-07 04:14:57,git@github.com:siswara/MedRecommendExt.git,https://github.com/siswara/MedRecommendExt,main
pehartma,pehartma/CourseProject,2021-12-07 02:19:39,git@github.com:pehartma/CourseProject.git,https://github.com/pehartma/CourseProject,main
BillyZhaohengLi,BillyZhaohengLi/PLSAprior,2021-12-05 08:49:49,git@github.com:BillyZhaohengLi/PLSAprior.git,https://github.com/BillyZhaohengLi/PLSAprior,main
mersaults,mersaults/CourseProject,2021-11-16 02:55:30,git@github.com:mersaults/CourseProject.git,https://github.com/mersaults/CourseProject,main
xihec3,xihec3/CS410_CourseProject,2021-12-07 19:42:03,git@github.com:xihec3/CS410_CourseProject.git,https://github.com/xihec3/CS410_CourseProject,main
LunaMystic,LunaMystic/CourseProject,2021-12-07 00:40:51,git@github.com:LunaMystic/CourseProject.git,https://github.com/LunaMystic/CourseProject,main
madstommy,madstommy/CourseProject,2021-11-15 17:26:25,git@github.com:madstommy/CourseProject.git,https://github.com/madstommy/CourseProject,main
chaarud,chaarud/CourseProject,2021-11-14 04:03:48,git@github.com:chaarud/CourseProject.git,https://github.com/chaarud/CourseProject,main
tajshaik24,tajshaik24/CourseProject,2021-11-15 18:57:14,git@github.com:tajshaik24/CourseProject.git,https://github.com/tajshaik24/CourseProject,main
duadua9,duadua9/CourseProject,2020-12-14 03:29:45,git@github.com:duadua9/CourseProject.git,https://github.com/duadua9/CourseProject,main
iluvcomputers,iluvcomputers/CourseProject,2021-12-07 20:32:38,git@github.com:iluvcomputers/CourseProject.git,https://github.com/iluvcomputers/CourseProject,main
tonydfth,tonydfth/CourseProject,2021-11-16 05:03:53,git@github.com:tonydfth/CourseProject.git,https://github.com/tonydfth/CourseProject,main
Reynold-Chan,Reynold-Chan/CourseProject,2021-12-06 06:09:47,git@github.com:Reynold-Chan/CourseProject.git,https://github.com/Reynold-Chan/CourseProject,main
jialen2,jialen2/CourseProject,2021-12-05 09:57:50,git@github.com:jialen2/CourseProject.git,https://github.com/jialen2/CourseProject,main
Giang-nguyen,Giang-nguyen/CourseProject,2021-12-07 15:40:12,git@github.com:Giang-nguyen/CourseProject.git,https://github.com/Giang-nguyen/CourseProject,main
zhihaox3,zhihaox3/CourseProject,2021-11-15 18:48:20,git@github.com:zhihaox3/CourseProject.git,https://github.com/zhihaox3/CourseProject,main
Sushanta77,Sushanta77/CourseProject,2021-12-07 17:14:57,git@github.com:Sushanta77/CourseProject.git,https://github.com/Sushanta77/CourseProject,main
kikibean,kikibean/CourseProject,2021-11-15 14:12:51,git@github.com:kikibean/CourseProject.git,https://github.com/kikibean/CourseProject,main
quickcatch,quickcatch/CourseProject,2021-12-06 20:00:00,git@github.com:quickcatch/CourseProject.git,https://github.com/quickcatch/CourseProject,main
kaiyuandou,kaiyuandou/CourseProject,2021-11-16 04:27:53,git@github.com:kaiyuandou/CourseProject.git,https://github.com/kaiyuandou/CourseProject,main
snehangshugithub,snehangshugithub/CourseProject,2021-11-16 04:50:42,git@github.com:snehangshugithub/CourseProject.git,https://github.com/snehangshugithub/CourseProject,main
arhamahmed,arhamahmed/CourseProject,2021-12-05 01:50:34,git@github.com:arhamahmed/CourseProject.git,https://github.com/arhamahmed/CourseProject,main
GregHarrison,GregHarrison/CourseProject,2021-11-24 06:09:20,git@github.com:GregHarrison/CourseProject.git,https://github.com/GregHarrison/CourseProject,main
liam-p-23,liam-p-23/CourseProject,2021-11-15 00:38:25,git@github.com:liam-p-23/CourseProject.git,https://github.com/liam-p-23/CourseProject,main
LahariP2,LahariP2/Movies4U,2021-12-07 02:23:45,git@github.com:LahariP2/Movies4U.git,https://github.com/LahariP2/Movies4U,main
manuv3,manuv3/cs410-project,2021-12-07 20:18:10,git@github.com:manuv3/cs410-project.git,https://github.com/manuv3/cs410-project,main
sdgs72,sdgs72/CourseProject,2021-12-06 21:29:00,git@github.com:sdgs72/CourseProject.git,https://github.com/sdgs72/CourseProject,main
rycao,rycao/CourseProject,2021-12-05 19:24:59,git@github.com:rycao/CourseProject.git,https://github.com/rycao/CourseProject,main
Zetmas,Zetmas/CourseProject,2021-12-07 04:32:44,git@github.com:Zetmas/CourseProject.git,https://github.com/Zetmas/CourseProject,main
t1tb,t1tb/CourseProject,2021-12-07 06:43:02,git@github.com:t1tb/CourseProject.git,https://github.com/t1tb/CourseProject,main
sanjibg01,sanjibg01/CS410-project-team-trailblazers,2021-12-07 00:52:45,git@github.com:sanjibg01/CS410-project-team-trailblazers.git,https://github.com/sanjibg01/CS410-project-team-trailblazers,main
Jonathan-Birkey,Jonathan-Birkey/CourseProject,2021-12-02 17:56:58,git@github.com:Jonathan-Birkey/CourseProject.git,https://github.com/Jonathan-Birkey/CourseProject,main
mrcstan,mrcstan/CourseProject,2021-11-16 05:03:59,git@github.com:mrcstan/CourseProject.git,https://github.com/mrcstan/CourseProject,main
lynn0032,lynn0032/CourseProject,2021-11-28 01:28:42,git@github.com:lynn0032/CourseProject.git,https://github.com/lynn0032/CourseProject,main
sgangele21,sgangele21/CourseProject,2021-12-07 05:25:40,git@github.com:sgangele21/CourseProject.git,https://github.com/sgangele21/CourseProject,main
pipipiii,pipipiii/CourseProject,2021-12-06 08:50:58,git@github.com:pipipiii/CourseProject.git,https://github.com/pipipiii/CourseProject,main
asadiku,asadiku/CourseProject,2021-12-06 03:14:31,git@github.com:asadiku/CourseProject.git,https://github.com/asadiku/CourseProject,main
mccho3,mccho3/CourseProject,2021-11-30 07:49:28,git@github.com:mccho3/CourseProject.git,https://github.com/mccho3/CourseProject,main
ShaleenMehrotra,ShaleenMehrotra/CourseProject,2021-11-15 19:29:26,git@github.com:ShaleenMehrotra/CourseProject.git,https://github.com/ShaleenMehrotra/CourseProject,main
lowelltyner,lowelltyner/CourseProject,2021-11-11 16:46:39,git@github.com:lowelltyner/CourseProject.git,https://github.com/lowelltyner/CourseProject,main
xiaofanliu77,xiaofanliu77/CourseProject,2021-12-07 05:19:01,git@github.com:xiaofanliu77/CourseProject.git,https://github.com/xiaofanliu77/CourseProject,main
ZacharyOldham,ZacharyOldham/CourseProject,2021-12-07 00:21:31,git@github.com:ZacharyOldham/CourseProject.git,https://github.com/ZacharyOldham/CourseProject,main
jessicahuang523,jessicahuang523/CourseProject,2021-11-16 02:04:53,git@github.com:jessicahuang523/CourseProject.git,https://github.com/jessicahuang523/CourseProject,main
JosephineFalso,JosephineFalso/CourseProject,2021-12-07 19:08:13,git@github.com:JosephineFalso/CourseProject.git,https://github.com/JosephineFalso/CourseProject,main
amyyq2,amyyq2/CourseProject,2021-12-07 03:56:54,git@github.com:amyyq2/CourseProject.git,https://github.com/amyyq2/CourseProject,main
chriistinahu,chriistinahu/CourseProject,2020-12-14 03:29:45,git@github.com:chriistinahu/CourseProject.git,https://github.com/chriistinahu/CourseProject,main
dattatreya303,dattatreya303/CourseProject,2021-11-16 01:38:05,git@github.com:dattatreya303/CourseProject.git,https://github.com/dattatreya303/CourseProject,main
zhanz1,zhanz1/Course-Information-Retrieval,2021-12-06 07:28:57,git@github.com:zhanz1/Course-Information-Retrieval.git,https://github.com/zhanz1/Course-Information-Retrieval,main
rudyrath,rudyrath/CourseProject,2021-11-14 21:10:07,git@github.com:rudyrath/CourseProject.git,https://github.com/rudyrath/CourseProject,main
Shivang44,Shivang44/CourseProject,2021-11-30 02:59:46,git@github.com:Shivang44/CourseProject.git,https://github.com/Shivang44/CourseProject,main
shchau2,shchau2/Linked-Page-Search-Chrome-Extension,2021-12-07 19:01:14,git@github.com:shchau2/Linked-Page-Search-Chrome-Extension.git,https://github.com/shchau2/Linked-Page-Search-Chrome-Extension,main
R2Lin,R2Lin/CourseProject,2021-11-28 18:00:22,git@github.com:R2Lin/CourseProject.git,https://github.com/R2Lin/CourseProject,main
swatinanda,swatinanda/CS410-Fall2021-TeamAlpha,2021-12-07 18:44:40,git@github.com:swatinanda/CS410-Fall2021-TeamAlpha.git,https://github.com/swatinanda/CS410-Fall2021-TeamAlpha,main
Pradoshks,Pradoshks/CourseProject,2021-11-23 02:02:53,git@github.com:Pradoshks/CourseProject.git,https://github.com/Pradoshks/CourseProject,main
jasonzjc,jasonzjc/CourseProject,2021-11-16 00:40:07,git@github.com:jasonzjc/CourseProject.git,https://github.com/jasonzjc/CourseProject,main
ramyan2,ramyan2/CourseProject,2021-11-15 18:15:37,git@github.com:ramyan2/CourseProject.git,https://github.com/ramyan2/CourseProject,main
ottopiramuthu,ottopiramuthu/CourseProject,2021-11-14 21:27:39,git@github.com:ottopiramuthu/CourseProject.git,https://github.com/ottopiramuthu/CourseProject,main
bllguo,bllguo/CourseProject,2021-12-05 02:09:13,git@github.com:bllguo/CourseProject.git,https://github.com/bllguo/CourseProject,main
timothycheung1,timothycheung1/CourseProject,2021-11-14 06:08:26,git@github.com:timothycheung1/CourseProject.git,https://github.com/timothycheung1/CourseProject,main
jairmorais,jairmorais/CourseProject,2021-11-16 00:19:07,git@github.com:jairmorais/CourseProject.git,https://github.com/jairmorais/CourseProject,main
sudiptobilu,sudiptobilu/CourseProject,2021-12-07 20:34:29,git@github.com:sudiptobilu/CourseProject.git,https://github.com/sudiptobilu/CourseProject,main
bhullar5,bhullar5/CourseProject,2021-11-13 08:04:08,git@github.com:bhullar5/CourseProject.git,https://github.com/bhullar5/CourseProject,main
xinqianx,xinqianx/CourseProject,2021-12-07 17:20:54,git@github.com:xinqianx/CourseProject.git,https://github.com/xinqianx/CourseProject,main
justynlao,justynlao/CourseProject,2021-11-16 04:30:28,git@github.com:justynlao/CourseProject.git,https://github.com/justynlao/CourseProject,main
zhuxiaoyu909,zhuxiaoyu909/CourseProject,2021-12-07 03:33:42,git@github.com:zhuxiaoyu909/CourseProject.git,https://github.com/zhuxiaoyu909/CourseProject,main
periclesrocha,periclesrocha/CourseProject,2021-12-07 19:07:06,git@github.com:periclesrocha/CourseProject.git,https://github.com/periclesrocha/CourseProject,main
bayarra,bayarra/spacy.lang.mn,2021-11-15 21:03:13,git@github.com:bayarra/spacy.lang.mn.git,https://github.com/bayarra/spacy.lang.mn,main
naviCh,naviCh/CourseProject,2021-12-07 17:40:51,git@github.com:naviCh/CourseProject.git,https://github.com/naviCh/CourseProject,main
dabadabadoue,dabadabadoue/CourseProject,2021-12-02 22:23:19,git@github.com:dabadabadoue/CourseProject.git,https://github.com/dabadabadoue/CourseProject,main
RBmint,RBmint/CourseProject,2021-11-15 02:26:20,git@github.com:RBmint/CourseProject.git,https://github.com/RBmint/CourseProject,main
Ben-Sutter,Ben-Sutter/IntelligentBrowsingPaulBen,2021-11-23 21:03:28,git@github.com:Ben-Sutter/IntelligentBrowsingPaulBen.git,https://github.com/Ben-Sutter/IntelligentBrowsingPaulBen,main
aruther11,aruther11/CourseProject,2021-11-15 03:58:38,git@github.com:aruther11/CourseProject.git,https://github.com/aruther11/CourseProject,main
jaskirat-singh-pahwa,jaskirat-singh-pahwa/CourseProject,2021-12-07 14:30:00,git@github.com:jaskirat-singh-pahwa/CourseProject.git,https://github.com/jaskirat-singh-pahwa/CourseProject,main
awang288,awang288/CourseProject,2021-12-07 05:15:07,git@github.com:awang288/CourseProject.git,https://github.com/awang288/CourseProject,main
qiangni-gif,qiangni-gif/CourseProject,2021-11-16 00:46:13,git@github.com:qiangni-gif/CourseProject.git,https://github.com/qiangni-gif/CourseProject,main
styloooo,styloooo/CourseProject,2021-12-07 20:36:04,git@github.com:styloooo/CourseProject.git,https://github.com/styloooo/CourseProject,main
amyth18,amyth18/CourseProject,2021-12-07 18:54:14,git@github.com:amyth18/CourseProject.git,https://github.com/amyth18/CourseProject,main
kaf4,kaf4/CourseProject,2021-11-15 23:20:46,git@github.com:kaf4/CourseProject.git,https://github.com/kaf4/CourseProject,main
amelia2801,amelia2801/CourseProject,2021-12-07 05:08:57,git@github.com:amelia2801/CourseProject.git,https://github.com/amelia2801/CourseProject,main
jpjun8,jpjun8/CourseProject,2021-11-16 05:57:25,git@github.com:jpjun8/CourseProject.git,https://github.com/jpjun8/CourseProject,main
gmotzespina,gmotzespina/CourseProject,2021-11-14 20:07:13,git@github.com:gmotzespina/CourseProject.git,https://github.com/gmotzespina/CourseProject,main
maatjes2,maatjes2/CourseProject,2021-12-07 18:33:15,git@github.com:maatjes2/CourseProject.git,https://github.com/maatjes2/CourseProject,main
maaparna,maaparna/CourseProject,2021-12-07 12:39:00,git@github.com:maaparna/CourseProject.git,https://github.com/maaparna/CourseProject,main
jhinukb,jhinukb/CourseProject,2020-12-14 03:29:45,git@github.com:jhinukb/CourseProject.git,https://github.com/jhinukb/CourseProject,main
yuchen9902,yuchen9902/CourseProject,2021-12-06 17:11:34,git@github.com:yuchen9902/CourseProject.git,https://github.com/yuchen9902/CourseProject,main
saketv2,saketv2/CourseProject,2021-12-06 05:37:18,git@github.com:saketv2/CourseProject.git,https://github.com/saketv2/CourseProject,main
aishanipal,aishanipal/GithubCommentsSentimentAnalysis,2021-12-06 23:47:37,git@github.com:aishanipal/GithubCommentsSentimentAnalysis.git,https://github.com/aishanipal/GithubCommentsSentimentAnalysis,main
winston86zhu,winston86zhu/UserSentimentAnalysis,2021-12-07 05:43:12,git@github.com:winston86zhu/UserSentimentAnalysis.git,https://github.com/winston86zhu/UserSentimentAnalysis,main
muneshb,muneshb/CourseProject,2021-12-01 23:20:27,git@github.com:muneshb/CourseProject.git,https://github.com/muneshb/CourseProject,main
paulzuradzki,paulzuradzki/CourseProject,2020-12-14 03:29:45,git@github.com:paulzuradzki/CourseProject.git,https://github.com/paulzuradzki/CourseProject,main
dyang5200,dyang5200/CourseProject,2021-12-01 09:36:16,git@github.com:dyang5200/CourseProject.git,https://github.com/dyang5200/CourseProject,main
andrewson3107,andrewson3107/CourseProject,2021-11-16 03:44:38,git@github.com:andrewson3107/CourseProject.git,https://github.com/andrewson3107/CourseProject,main
shaukat2,shaukat2/CourseProject,2021-11-17 23:56:28,git@github.com:shaukat2/CourseProject.git,https://github.com/shaukat2/CourseProject,main
nasa-petal,nasa-petal/search-engine,2021-12-07 20:32:39,git@github.com:nasa-petal/search-engine.git,https://github.com/nasa-petal/search-engine,main
bids3,bids3/CourseProject,2021-11-16 03:33:55,git@github.com:bids3/CourseProject.git,https://github.com/bids3/CourseProject,main
KefanChen0719,KefanChen0719/CourseProject,2021-12-07 19:35:54,git@github.com:KefanChen0719/CourseProject.git,https://github.com/KefanChen0719/CourseProject,main
rps2ff23,rps2ff23/CourseProject,2021-12-07 05:59:17,git@github.com:rps2ff23/CourseProject.git,https://github.com/rps2ff23/CourseProject,main
HaritaReddy,HaritaReddy/CourseProject,2021-12-07 04:13:35,git@github.com:HaritaReddy/CourseProject.git,https://github.com/HaritaReddy/CourseProject,main
assalupitudor,assalupitudor/CourseProject,2021-11-29 01:18:21,git@github.com:assalupitudor/CourseProject.git,https://github.com/assalupitudor/CourseProject,main
RahulSinghalChicago,RahulSinghalChicago/CourseProject,2021-12-07 04:41:50,git@github.com:RahulSinghalChicago/CourseProject.git,https://github.com/RahulSinghalChicago/CourseProject,main
Kartikp2,Kartikp2/CourseProject,2021-12-03 00:05:29,git@github.com:Kartikp2/CourseProject.git,https://github.com/Kartikp2/CourseProject,main
jahaas,jahaas/CourseProject,2021-11-26 15:03:56,git@github.com:jahaas/CourseProject.git,https://github.com/jahaas/CourseProject,main
adp12,adp12/CourseProject,2021-12-07 20:01:37,git@github.com:adp12/CourseProject.git,https://github.com/adp12/CourseProject,main
IanG89998,IanG89998/CourseProject,2020-12-14 03:29:45,git@github.com:IanG89998/CourseProject.git,https://github.com/IanG89998/CourseProject,main
daisy91530,daisy91530/CourseProject,2021-12-02 07:39:24,git@github.com:daisy91530/CourseProject.git,https://github.com/daisy91530/CourseProject,main
dkrovi2,dkrovi2/CourseProject,2021-12-07 17:34:04,git@github.com:dkrovi2/CourseProject.git,https://github.com/dkrovi2/CourseProject,main
xingyuq2,xingyuq2/CourseProject,2021-12-01 16:14:26,git@github.com:xingyuq2/CourseProject.git,https://github.com/xingyuq2/CourseProject,main
wujameszj,wujameszj/CourseProject,2021-12-04 02:01:43,git@github.com:wujameszj/CourseProject.git,https://github.com/wujameszj/CourseProject,main
rfonod,rfonod/CS410-CourseProject,2021-11-15 17:17:57,git@github.com:rfonod/CS410-CourseProject.git,https://github.com/rfonod/CS410-CourseProject,main
devinsburke,devinsburke/CourseProject,2021-12-05 01:23:48,git@github.com:devinsburke/CourseProject.git,https://github.com/devinsburke/CourseProject,main
masamip2,masamip2/CourseProject,2021-12-06 01:05:24,git@github.com:masamip2/CourseProject.git,https://github.com/masamip2/CourseProject,main
tomasanthony,tomasanthony/CourseProject,2021-11-16 00:12:37,git@github.com:tomasanthony/CourseProject.git,https://github.com/tomasanthony/CourseProject,main
kellycosgrove,kellycosgrove/CourseProject,2021-12-06 22:52:43,git@github.com:kellycosgrove/CourseProject.git,https://github.com/kellycosgrove/CourseProject,main
benpcorn,benpcorn/CourseProject,2021-12-07 14:23:26,git@github.com:benpcorn/CourseProject.git,https://github.com/benpcorn/CourseProject,main
tlawx,tlawx/CourseProject,2021-12-07 20:24:37,git@github.com:tlawx/CourseProject.git,https://github.com/tlawx/CourseProject,main
pmagunia,pmagunia/CourseProject,2021-11-28 15:28:26,git@github.com:pmagunia/CourseProject.git,https://github.com/pmagunia/CourseProject,main
VoidGoat,VoidGoat/CourseProject-CS-410,2021-12-07 04:56:12,git@github.com:VoidGoat/CourseProject-CS-410.git,https://github.com/VoidGoat/CourseProject-CS-410,main
andreev-io,andreev-io/Documentation-Search-with-Elastic-Search-and-GENRE,2021-12-06 08:23:15,git@github.com:andreev-io/Documentation-Search-with-Elastic-Search-and-GENRE.git,https://github.com/andreev-io/Documentation-Search-with-Elastic-Search-and-GENRE,main
genggeng88,genggeng88/CourseProject,2021-11-29 15:42:37,git@github.com:genggeng88/CourseProject.git,https://github.com/genggeng88/CourseProject,main
chask8ng,chask8ng/CourseProject,2021-11-14 14:57:49,git@github.com:chask8ng/CourseProject.git,https://github.com/chask8ng/CourseProject,main
hungn2,hungn2/CourseProject,2021-12-07 02:43:01,git@github.com:hungn2/CourseProject.git,https://github.com/hungn2/CourseProject,main
MadaoIsMyBrother,MadaoIsMyBrother/CourseProject,2021-12-07 19:27:09,git@github.com:MadaoIsMyBrother/CourseProject.git,https://github.com/MadaoIsMyBrother/CourseProject,main
jstephens,jstephens/CourseProject,2021-11-16 06:00:05,git@github.com:jstephens/CourseProject.git,https://github.com/jstephens/CourseProject,main
samsong2,samsong2/CourseProject,2021-12-07 19:37:02,git@github.com:samsong2/CourseProject.git,https://github.com/samsong2/CourseProject,main
vquiros-atieh,vquiros-atieh/CourseProject,2021-12-01 03:39:09,git@github.com:vquiros-atieh/CourseProject.git,https://github.com/vquiros-atieh/CourseProject,main
samhq,samhq/CourseProject,2021-12-07 16:56:17,git@github.com:samhq/CourseProject.git,https://github.com/samhq/CourseProject,main
kreonjr,kreonjr/CourseProject,2021-12-07 18:30:22,git@github.com:kreonjr/CourseProject.git,https://github.com/kreonjr/CourseProject,main
machilusZ,machilusZ/CourseProject,2020-12-14 03:29:45,git@github.com:machilusZ/CourseProject.git,https://github.com/machilusZ/CourseProject,main
peterzukerman,peterzukerman/Twitter-Sarcasm-Detection,2021-03-16 01:50:33,git@github.com:peterzukerman/Twitter-Sarcasm-Detection.git,https://github.com/peterzukerman/Twitter-Sarcasm-Detection,main
AnirudhaPatil,AnirudhaPatil/CourseProject,2020-12-14 03:29:45,git@github.com:AnirudhaPatil/CourseProject.git,https://github.com/AnirudhaPatil/CourseProject,main
DiptamGit,DiptamGit/CourseProject,2020-12-19 00:15:26,git@github.com:DiptamGit/CourseProject.git,https://github.com/DiptamGit/CourseProject,main
yunfeim2,yunfeim2/CourseProject,2020-12-15 13:52:50,git@github.com:yunfeim2/CourseProject.git,https://github.com/yunfeim2/CourseProject,main
williamdlupo,williamdlupo/CourseProject,2020-12-15 00:04:14,git@github.com:williamdlupo/CourseProject.git,https://github.com/williamdlupo/CourseProject,main
BhuvaneswariPeriasamy,BhuvaneswariPeriasamy/CourseProject,2020-12-14 05:04:35,git@github.com:BhuvaneswariPeriasamy/CourseProject.git,https://github.com/BhuvaneswariPeriasamy/CourseProject,main
rfraser3,rfraser3/CourseProject,2020-12-14 00:03:36,git@github.com:rfraser3/CourseProject.git,https://github.com/rfraser3/CourseProject,main
wdchild,wdchild/CourseProject,2020-12-09 17:44:41,git@github.com:wdchild/CourseProject.git,https://github.com/wdchild/CourseProject,master
chiragcshetty,chiragcshetty/CourseProject,2020-12-14 10:54:08,git@github.com:chiragcshetty/CourseProject.git,https://github.com/chiragcshetty/CourseProject,main
jiezheng5,jiezheng5/CourseProject,2020-11-21 18:38:49,git@github.com:jiezheng5/CourseProject.git,https://github.com/jiezheng5/CourseProject,main
pdwivedi08,pdwivedi08/CourseProject,2020-12-14 08:16:28,git@github.com:pdwivedi08/CourseProject.git,https://github.com/pdwivedi08/CourseProject,main
srashee2,srashee2/CourseProject,2020-12-14 00:12:56,git@github.com:srashee2/CourseProject.git,https://github.com/srashee2/CourseProject,main
zen030,zen030/CourseProject,2020-11-27 19:35:00,git@github.com:zen030/CourseProject.git,https://github.com/zen030/CourseProject,main
subhasishb-coder,subhasishb-coder/CourseProject,2020-12-12 17:43:49,git@github.com:subhasishb-coder/CourseProject.git,https://github.com/subhasishb-coder/CourseProject,main
soumya834-msit,soumya834-msit/CourseProject,2020-12-07 17:40:36,git@github.com:soumya834-msit/CourseProject.git,https://github.com/soumya834-msit/CourseProject,main
jasonzhang929,jasonzhang929/CourseProject,2020-12-14 05:43:54,git@github.com:jasonzhang929/CourseProject.git,https://github.com/jasonzhang929/CourseProject,main
varunhari2020,varunhari2020/CourseProject,2020-11-19 03:31:25,git@github.com:varunhari2020/CourseProject.git,https://github.com/varunhari2020/CourseProject,main
davidmg4,davidmg4/CourseProject,2020-12-14 04:14:30,git@github.com:davidmg4/CourseProject.git,https://github.com/davidmg4/CourseProject,main
samvalenp,samvalenp/CourseProject,2020-12-14 04:03:12,git@github.com:samvalenp/CourseProject.git,https://github.com/samvalenp/CourseProject,main
mikhaidn,mikhaidn/CourseProject,2020-11-27 21:41:16,git@github.com:mikhaidn/CourseProject.git,https://github.com/mikhaidn/CourseProject,main
everbrightw,everbrightw/CourseProject,2020-12-14 04:51:35,git@github.com:everbrightw/CourseProject.git,https://github.com/everbrightw/CourseProject,master
Ludy11xc,Ludy11xc/CS-410-CourseProject,2020-12-14 04:28:47,git@github.com:Ludy11xc/CS-410-CourseProject.git,https://github.com/Ludy11xc/CS-410-CourseProject,main
hernang2,hernang2/CourseProject,2020-12-16 07:56:07,git@github.com:hernang2/CourseProject.git,https://github.com/hernang2/CourseProject,main
reckoner-david,reckoner-david/CourseProject,2020-12-14 04:52:17,git@github.com:reckoner-david/CourseProject.git,https://github.com/reckoner-david/CourseProject,main
john-james-ai,john-james-ai/CourseProject,2020-10-26 03:12:40,git@github.com:john-james-ai/CourseProject.git,https://github.com/john-james-ai/CourseProject,main
henryg3,henryg3/CourseProject,2020-12-14 01:25:45,git@github.com:henryg3/CourseProject.git,https://github.com/henryg3/CourseProject,main
nykznykz,nykznykz/CourseProject,2020-12-13 20:46:43,git@github.com:nykznykz/CourseProject.git,https://github.com/nykznykz/CourseProject,main
bojiang3,bojiang3/CourseProject,2020-12-17 01:38:29,git@github.com:bojiang3/CourseProject.git,https://github.com/bojiang3/CourseProject,main
woshinisenbaba,woshinisenbaba/CourseProject,2020-10-25 13:51:15,git@github.com:woshinisenbaba/CourseProject.git,https://github.com/woshinisenbaba/CourseProject,main
CapnDanger,CapnDanger/CourseProject,2020-12-14 05:44:36,git@github.com:CapnDanger/CourseProject.git,https://github.com/CapnDanger/CourseProject,main
yunhezhang,yunhezhang/CourseProject,2020-12-14 16:53:13,git@github.com:yunhezhang/CourseProject.git,https://github.com/yunhezhang/CourseProject,main
mihiryerande,mihiryerande/CS-410-Fall-2020-Anime-Text-Analytics,2020-12-14 05:55:11,git@github.com:mihiryerande/CS-410-Fall-2020-Anime-Text-Analytics.git,https://github.com/mihiryerande/CS-410-Fall-2020-Anime-Text-Analytics,main
antonioalfonso,antonioalfonso/CourseProject,2020-12-14 04:45:09,git@github.com:antonioalfonso/CourseProject.git,https://github.com/antonioalfonso/CourseProject,main
kplhung,kplhung/CourseProject,2020-12-26 07:12:29,git@github.com:kplhung/CourseProject.git,https://github.com/kplhung/CourseProject,main
pinkychauhan89,pinkychauhan89/FakeNewsClassifier,2020-12-14 01:47:03,git@github.com:pinkychauhan89/FakeNewsClassifier.git,https://github.com/pinkychauhan89/FakeNewsClassifier,main
jacobvp2,jacobvp2/CourseProject,2020-12-13 17:31:25,git@github.com:jacobvp2/CourseProject.git,https://github.com/jacobvp2/CourseProject,main
tgw4uiuc,tgw4uiuc/CourseProject,2020-12-14 05:47:00,git@github.com:tgw4uiuc/CourseProject.git,https://github.com/tgw4uiuc/CourseProject,main
EsportsNoEyes,EsportsNoEyes/CourseProject,2020-12-13 02:10:00,git@github.com:EsportsNoEyes/CourseProject.git,https://github.com/EsportsNoEyes/CourseProject,main
Xinpeij,Xinpeij/CourseProject,2020-10-26 03:25:37,git@github.com:Xinpeij/CourseProject.git,https://github.com/Xinpeij/CourseProject,main
mshaw0707,mshaw0707/CourseProject,2020-12-14 04:06:50,git@github.com:mshaw0707/CourseProject.git,https://github.com/mshaw0707/CourseProject,main
alex6499cat,alex6499cat/CourseProject,2020-12-14 03:06:17,git@github.com:alex6499cat/CourseProject.git,https://github.com/alex6499cat/CourseProject,main
Asciotti,Asciotti/CourseProject,2020-12-14 03:29:05,git@github.com:Asciotti/CourseProject.git,https://github.com/Asciotti/CourseProject,master
xiang-wang2020,xiang-wang2020/CourseProject,2020-12-16 03:35:48,git@github.com:xiang-wang2020/CourseProject.git,https://github.com/xiang-wang2020/CourseProject,main
dinghuaminghui,dinghuaminghui/CourseProject,2020-10-25 13:51:15,git@github.com:dinghuaminghui/CourseProject.git,https://github.com/dinghuaminghui/CourseProject,main
yhui288,yhui288/CourseProject,2020-12-13 02:01:55,git@github.com:yhui288/CourseProject.git,https://github.com/yhui288/CourseProject,main
ZhengyuLi97,ZhengyuLi97/CourseProject,2020-10-25 13:51:15,git@github.com:ZhengyuLi97/CourseProject.git,https://github.com/ZhengyuLi97/CourseProject,main
NK10,NK10/CourseProject,2020-12-14 04:00:06,git@github.com:NK10/CourseProject.git,https://github.com/NK10/CourseProject,main
blake-wright,blake-wright/CourseProject,2020-12-14 05:39:09,git@github.com:blake-wright/CourseProject.git,https://github.com/blake-wright/CourseProject,main
Clara9,Clara9/LARA_Reproduce_410,2020-11-29 22:06:05,git@github.com:Clara9/LARA_Reproduce_410.git,https://github.com/Clara9/LARA_Reproduce_410,main
vickyli99,vickyli99/CourseProject,2020-12-14 06:15:15,git@github.com:vickyli99/CourseProject.git,https://github.com/vickyli99/CourseProject,main
yuranw3,yuranw3/CourseProject,2020-12-14 02:07:03,git@github.com:yuranw3/CourseProject.git,https://github.com/yuranw3/CourseProject,main
Madokami,Madokami/CourseProject,2020-12-15 08:35:58,git@github.com:Madokami/CourseProject.git,https://github.com/Madokami/CourseProject,main
shashivrat,shashivrat/CourseProject,2020-10-25 22:45:32,git@github.com:shashivrat/CourseProject.git,https://github.com/shashivrat/CourseProject,main
jkghub,jkghub/CourseProject,2020-10-25 22:45:42,git@github.com:jkghub/CourseProject.git,https://github.com/jkghub/CourseProject,main
philipcori,philipcori/CourseProject,2020-12-14 04:37:46,git@github.com:philipcori/CourseProject.git,https://github.com/philipcori/CourseProject,main
davidtt2,davidtt2/CourseProject,2020-12-13 04:24:59,git@github.com:davidtt2/CourseProject.git,https://github.com/davidtt2/CourseProject,main
joel515,joel515/CourseProject,2020-12-13 23:33:28,git@github.com:joel515/CourseProject.git,https://github.com/joel515/CourseProject,main
wfcwfcwfcwfc,wfcwfcwfcwfc/CourseProject,2020-12-15 05:07:50,git@github.com:wfcwfcwfcwfc/CourseProject.git,https://github.com/wfcwfcwfcwfc/CourseProject,main
darrenmuliawan,darrenmuliawan/CourseProject,2020-12-11 23:36:24,git@github.com:darrenmuliawan/CourseProject.git,https://github.com/darrenmuliawan/CourseProject,main
TomTJarosz,TomTJarosz/CourseProject,2020-12-13 05:49:21,git@github.com:TomTJarosz/CourseProject.git,https://github.com/TomTJarosz/CourseProject,main
sbitra2,sbitra2/CourseProject,2020-12-13 20:33:32,git@github.com:sbitra2/CourseProject.git,https://github.com/sbitra2/CourseProject,main
rosed2,rosed2/CourseProject,2020-12-14 00:47:22,git@github.com:rosed2/CourseProject.git,https://github.com/rosed2/CourseProject,main
samphadnis,samphadnis/TeamTextDragons,2020-12-14 02:25:10,git@github.com:samphadnis/TeamTextDragons.git,https://github.com/samphadnis/TeamTextDragons,main
Jagaskak,Jagaskak/CourseProject,2020-12-14 04:25:00,git@github.com:Jagaskak/CourseProject.git,https://github.com/Jagaskak/CourseProject,main
srzn,srzn/CourseProject,2020-12-14 03:40:20,git@github.com:srzn/CourseProject.git,https://github.com/srzn/CourseProject,main
armhoeft,armhoeft/CS410Fall2020-CourseProject,2020-12-14 04:37:30,git@github.com:armhoeft/CS410Fall2020-CourseProject.git,https://github.com/armhoeft/CS410Fall2020-CourseProject,main
chanwoo321,chanwoo321/CourseProject,2020-12-15 23:18:56,git@github.com:chanwoo321/CourseProject.git,https://github.com/chanwoo321/CourseProject,main
SphtKr,SphtKr/MeTAPyquod,2020-12-16 14:55:51,git@github.com:SphtKr/MeTAPyquod.git,https://github.com/SphtKr/MeTAPyquod,main
ccasey645,ccasey645/CourseProject,2020-12-13 23:23:41,git@github.com:ccasey645/CourseProject.git,https://github.com/ccasey645/CourseProject,main
retrouvailles0,retrouvailles0/CourseProject,2020-12-14 02:28:30,git@github.com:retrouvailles0/CourseProject.git,https://github.com/retrouvailles0/CourseProject,main
juan4bit,juan4bit/CourseProject,2020-12-14 17:59:35,git@github.com:juan4bit/CourseProject.git,https://github.com/juan4bit/CourseProject,main
alex-pi,alex-pi/CourseProject,2020-12-14 02:00:14,git@github.com:alex-pi/CourseProject.git,https://github.com/alex-pi/CourseProject,main
vibjain,vibjain/CourseProject,2021-02-01 01:15:04,git@github.com:vibjain/CourseProject.git,https://github.com/vibjain/CourseProject,main
chuanyueshen,chuanyueshen/CourseProject,2020-12-14 01:29:15,git@github.com:chuanyueshen/CourseProject.git,https://github.com/chuanyueshen/CourseProject,main
rupsis,rupsis/CourseProject,2020-12-17 17:35:03,git@github.com:rupsis/CourseProject.git,https://github.com/rupsis/CourseProject,main
toskaushik,toskaushik/CourseProject,2020-10-25 13:51:15,git@github.com:toskaushik/CourseProject.git,https://github.com/toskaushik/CourseProject,main
Junting98,Junting98/CourseProject,2020-12-13 23:17:32,git@github.com:Junting98/CourseProject.git,https://github.com/Junting98/CourseProject,main
chungfaith1,chungfaith1/CourseProject,2020-12-14 03:51:02,git@github.com:chungfaith1/CourseProject.git,https://github.com/chungfaith1/CourseProject,main
luoxix,luoxix/CourseProject,2020-12-14 05:47:03,git@github.com:luoxix/CourseProject.git,https://github.com/luoxix/CourseProject,main
ss129,ss129/CourseProject,2020-12-14 04:41:53,git@github.com:ss129/CourseProject.git,https://github.com/ss129/CourseProject,main
tmm-ai,tmm-ai/CourseProject,2020-12-14 01:04:42,git@github.com:tmm-ai/CourseProject.git,https://github.com/tmm-ai/CourseProject,main
xw23,xw23/CourseProject,2020-12-17 01:13:21,git@github.com:xw23/CourseProject.git,https://github.com/xw23/CourseProject,main
JiajunWuEdu,JiajunWuEdu/CourseProject,2020-10-25 16:41:54,git@github.com:JiajunWuEdu/CourseProject.git,https://github.com/JiajunWuEdu/CourseProject,main
jinningli,jinningli/CourseProject,2020-12-14 04:51:59,git@github.com:jinningli/CourseProject.git,https://github.com/jinningli/CourseProject,main
Ehaly,Ehaly/CourseProject,2020-12-13 15:44:28,git@github.com:Ehaly/CourseProject.git,https://github.com/Ehaly/CourseProject,main
dilipis,dilipis/CourseProject,2020-12-14 06:02:09,git@github.com:dilipis/CourseProject.git,https://github.com/dilipis/CourseProject,main
Xinyihe123,Xinyihe123/LARA,2021-01-08 16:36:24,git@github.com:Xinyihe123/LARA.git,https://github.com/Xinyihe123/LARA,main
mackteng,mackteng/CourseProject,2020-12-14 02:11:29,git@github.com:mackteng/CourseProject.git,https://github.com/mackteng/CourseProject,main
gotplt,gotplt/CourseProject,2020-12-15 17:58:02,git@github.com:gotplt/CourseProject.git,https://github.com/gotplt/CourseProject,main
icyguy64,icyguy64/CourseProject,2020-12-13 03:25:45,git@github.com:icyguy64/CourseProject.git,https://github.com/icyguy64/CourseProject,main
yukuo78,yukuo78/CourseProject,2020-12-13 10:05:06,git@github.com:yukuo78/CourseProject.git,https://github.com/yukuo78/CourseProject,main
pritomsaha,pritomsaha/CourseProject,2020-12-14 05:42:53,git@github.com:pritomsaha/CourseProject.git,https://github.com/pritomsaha/CourseProject,main
ashpradhan01123,ashpradhan01123/CourseProject,2020-12-14 05:15:57,git@github.com:ashpradhan01123/CourseProject.git,https://github.com/ashpradhan01123/CourseProject,main
adeetikaushal,adeetikaushal/CourseProject,2020-12-02 19:55:59,git@github.com:adeetikaushal/CourseProject.git,https://github.com/adeetikaushal/CourseProject,main
mzhai20,mzhai20/CourseProject,2020-12-13 21:10:46,git@github.com:mzhai20/CourseProject.git,https://github.com/mzhai20/CourseProject,main
kn13-kiran,kn13-kiran/CourseProject,2020-12-14 05:57:43,git@github.com:kn13-kiran/CourseProject.git,https://github.com/kn13-kiran/CourseProject,main
nadiawoodninja,nadiawoodninja/CourseProject,2020-12-13 22:07:32,git@github.com:nadiawoodninja/CourseProject.git,https://github.com/nadiawoodninja/CourseProject,main
kaipak,kaipak/CourseProject,2020-12-14 16:38:16,git@github.com:kaipak/CourseProject.git,https://github.com/kaipak/CourseProject,main
RyoTakaki,RyoTakaki/CS410_TIS_CourseProject,2020-12-14 05:53:15,git@github.com:RyoTakaki/CS410_TIS_CourseProject.git,https://github.com/RyoTakaki/CS410_TIS_CourseProject,main
hc2111,hc2111/CourseProject,2020-12-13 16:02:09,git@github.com:hc2111/CourseProject.git,https://github.com/hc2111/CourseProject,main
thecheebo,thecheebo/NLP-Classification-Competition-w-BERT,2021-09-02 00:11:30,git@github.com:thecheebo/NLP-Classification-Competition-w-BERT.git,https://github.com/thecheebo/NLP-Classification-Competition-w-BERT,main
lipingxie,lipingxie/CourseProject,2020-12-15 00:50:01,git@github.com:lipingxie/CourseProject.git,https://github.com/lipingxie/CourseProject,main
rakesh-patnaik,rakesh-patnaik/CourseProject,2020-12-14 04:40:56,git@github.com:rakesh-patnaik/CourseProject.git,https://github.com/rakesh-patnaik/CourseProject,main
akhilbhamidipati5,akhilbhamidipati5/CourseProject,2020-12-14 06:14:31,git@github.com:akhilbhamidipati5/CourseProject.git,https://github.com/akhilbhamidipati5/CourseProject,main
violetta-ta,violetta-ta/CourseProject,2020-12-14 04:47:15,git@github.com:violetta-ta/CourseProject.git,https://github.com/violetta-ta/CourseProject,main
danco14,danco14/CourseProject,2020-12-14 05:53:37,git@github.com:danco14/CourseProject.git,https://github.com/danco14/CourseProject,main
pmanden-uiuc,pmanden-uiuc/CourseProject,2021-01-22 01:55:14,git@github.com:pmanden-uiuc/CourseProject.git,https://github.com/pmanden-uiuc/CourseProject,main
Guanhuali2,Guanhuali2/CourseProject,2020-12-17 01:13:37,git@github.com:Guanhuali2/CourseProject.git,https://github.com/Guanhuali2/CourseProject,main
steve303,steve303/CourseProject,2020-12-13 01:40:04,git@github.com:steve303/CourseProject.git,https://github.com/steve303/CourseProject,main
sairanga123,sairanga123/CourseProject,2020-12-14 06:29:00,git@github.com:sairanga123/CourseProject.git,https://github.com/sairanga123/CourseProject,main
rixu1,rixu1/CourseProject,2020-12-13 19:33:37,git@github.com:rixu1/CourseProject.git,https://github.com/rixu1/CourseProject,main
srivardhansajja,srivardhansajja/tangy,2020-12-13 17:15:48,git@github.com:srivardhansajja/tangy.git,https://github.com/srivardhansajja/tangy,main
sjma3,sjma3/CourseProject,2020-12-13 00:00:53,git@github.com:sjma3/CourseProject.git,https://github.com/sjma3/CourseProject,main
skuretski,skuretski/CourseProject,2020-12-13 05:58:51,git@github.com:skuretski/CourseProject.git,https://github.com/skuretski/CourseProject,main
JackDeDobb,JackDeDobb/CourseProject,2020-12-14 05:17:58,git@github.com:JackDeDobb/CourseProject.git,https://github.com/JackDeDobb/CourseProject,main
oboffil,oboffil/CourseProject,2020-12-14 01:25:19,git@github.com:oboffil/CourseProject.git,https://github.com/oboffil/CourseProject,main
pshreyareddy,pshreyareddy/CourseProject,2020-12-12 18:27:46,git@github.com:pshreyareddy/CourseProject.git,https://github.com/pshreyareddy/CourseProject,main
savigovindarajan,savigovindarajan/CourseProject,2020-12-14 03:36:08,git@github.com:savigovindarajan/CourseProject.git,https://github.com/savigovindarajan/CourseProject,main
cnj3,cnj3/CourseProject,2020-12-14 05:50:53,git@github.com:cnj3/CourseProject.git,https://github.com/cnj3/CourseProject,main
ssquires,ssquires/CourseProject,2020-12-13 18:22:58,git@github.com:ssquires/CourseProject.git,https://github.com/ssquires/CourseProject,main
chengbo322,chengbo322/CourseProject,2020-10-25 18:40:35,git@github.com:chengbo322/CourseProject.git,https://github.com/chengbo322/CourseProject,main
vs27-illinois,vs27-illinois/CourseProject,2020-12-14 05:35:02,git@github.com:vs27-illinois/CourseProject.git,https://github.com/vs27-illinois/CourseProject,main
clairebrekken,clairebrekken/CourseProject,2020-12-15 00:15:34,git@github.com:clairebrekken/CourseProject.git,https://github.com/clairebrekken/CourseProject,main
mlbernardoni,mlbernardoni/CourseProject,2020-12-14 04:13:04,git@github.com:mlbernardoni/CourseProject.git,https://github.com/mlbernardoni/CourseProject,main
hetadesai26,hetadesai26/CourseProject,2020-12-11 00:39:09,git@github.com:hetadesai26/CourseProject.git,https://github.com/hetadesai26/CourseProject,main
Redstone-WB,Redstone-WB/CS410-guava,2020-12-12 12:10:28,git@github.com:Redstone-WB/CS410-guava.git,https://github.com/Redstone-WB/CS410-guava,main
richameher,richameher/CourseProject,2020-12-12 15:43:48,git@github.com:richameher/CourseProject.git,https://github.com/richameher/CourseProject,main
liuyuxiang512,liuyuxiang512/CourseProject,2021-01-23 07:10:39,git@github.com:liuyuxiang512/CourseProject.git,https://github.com/liuyuxiang512/CourseProject,main
yangyangsquare,yangyangsquare/CourseProject,2020-12-14 17:43:16,git@github.com:yangyangsquare/CourseProject.git,https://github.com/yangyangsquare/CourseProject,main
bearnomore,bearnomore/CourseProject,2020-12-13 21:52:54,git@github.com:bearnomore/CourseProject.git,https://github.com/bearnomore/CourseProject,main
bashirpartovi,bashirpartovi/CourseProject,2020-12-12 05:29:37,git@github.com:bashirpartovi/CourseProject.git,https://github.com/bashirpartovi/CourseProject,main
MM026184,MM026184/CourseProject,2020-12-14 21:18:33,git@github.com:MM026184/CourseProject.git,https://github.com/MM026184/CourseProject,main
VisualPracticeRank,VisualPracticeRank/CourseProject,2020-12-14 05:09:47,git@github.com:VisualPracticeRank/CourseProject.git,https://github.com/VisualPracticeRank/CourseProject,main
CoreyShih,CoreyShih/CourseProject,2020-12-06 01:46:39,git@github.com:CoreyShih/CourseProject.git,https://github.com/CoreyShih/CourseProject,main
alany9552,alany9552/CourseProject,2020-12-13 18:13:17,git@github.com:alany9552/CourseProject.git,https://github.com/alany9552/CourseProject,main
codylw2,codylw2/CourseProject,2020-12-13 20:31:08,git@github.com:codylw2/CourseProject.git,https://github.com/codylw2/CourseProject,main
yiz9,yiz9/CourseProject,2020-12-16 12:40:38,git@github.com:yiz9/CourseProject.git,https://github.com/yiz9/CourseProject,main
bzhao10,bzhao10/CourseProject,2020-12-14 04:06:09,git@github.com:bzhao10/CourseProject.git,https://github.com/bzhao10/CourseProject,main
losaohan,losaohan/CourseProject,2020-12-13 19:38:33,git@github.com:losaohan/CourseProject.git,https://github.com/losaohan/CourseProject,main
riyv,riyv/CourseProject,2020-12-02 07:22:40,git@github.com:riyv/CourseProject.git,https://github.com/riyv/CourseProject,main
Arnavj3,Arnavj3/CourseProject,2020-12-14 15:25:04,git@github.com:Arnavj3/CourseProject.git,https://github.com/Arnavj3/CourseProject,main
garciadiazjaime,garciadiazjaime/CourseProject,2021-01-15 00:04:14,git@github.com:garciadiazjaime/CourseProject.git,https://github.com/garciadiazjaime/CourseProject,main
sitajothi,sitajothi/CourseProject,2020-12-13 00:40:06,git@github.com:sitajothi/CourseProject.git,https://github.com/sitajothi/CourseProject,main
mrente5,mrente5/CourseProject,2020-10-18 00:13:21,git@github.com:mrente5/CourseProject.git,https://github.com/mrente5/CourseProject,main
pushpit-UIUC-courses,pushpit-UIUC-courses/TextInformationSystem-CourseProject,2020-12-13 21:36:56,git@github.com:pushpit-UIUC-courses/TextInformationSystem-CourseProject.git,https://github.com/pushpit-UIUC-courses/TextInformationSystem-CourseProject,main
PSUlion16,PSUlion16/CourseProject,2020-12-14 17:51:53,git@github.com:PSUlion16/CourseProject.git,https://github.com/PSUlion16/CourseProject,main
anilkpalli,anilkpalli/CourseProject,2020-12-13 16:13:40,git@github.com:anilkpalli/CourseProject.git,https://github.com/anilkpalli/CourseProject,main
acscharf,acscharf/CourseProject,2020-12-13 07:36:20,git@github.com:acscharf/CourseProject.git,https://github.com/acscharf/CourseProject,main
vkreiden,vkreiden/CourseProject,2020-12-14 00:57:56,git@github.com:vkreiden/CourseProject.git,https://github.com/vkreiden/CourseProject,main
sonalsharma5990,sonalsharma5990/CourseProject,2020-12-13 23:34:34,git@github.com:sonalsharma5990/CourseProject.git,https://github.com/sonalsharma5990/CourseProject,main
j5un,j5un/CourseProject,2020-12-15 05:27:00,git@github.com:j5un/CourseProject.git,https://github.com/j5un/CourseProject,main
milan-saroj,milan-saroj/CourseProject,2020-12-13 18:53:23,git@github.com:milan-saroj/CourseProject.git,https://github.com/milan-saroj/CourseProject,main
houyuan2,houyuan2/CS410CourseProject,2020-12-13 03:25:37,git@github.com:houyuan2/CS410CourseProject.git,https://github.com/houyuan2/CS410CourseProject,main
rnowak6,rnowak6/CourseProject,2020-12-15 03:47:27,git@github.com:rnowak6/CourseProject.git,https://github.com/rnowak6/CourseProject,main
oransum,oransum/CourseProject,2020-12-15 00:18:23,git@github.com:oransum/CourseProject.git,https://github.com/oransum/CourseProject,main
n3a9,n3a9/CourseProject,2020-12-13 16:23:24,git@github.com:n3a9/CourseProject.git,https://github.com/n3a9/CourseProject,main
jessehenn,jessehenn/CourseProject,2020-12-07 01:57:06,git@github.com:jessehenn/CourseProject.git,https://github.com/jessehenn/CourseProject,main
enaena633,enaena633/CourseProject,2020-12-13 17:07:45,git@github.com:enaena633/CourseProject.git,https://github.com/enaena633/CourseProject,main
raman162,raman162/UofICS410FinalProject,2020-12-14 02:33:54,git@github.com:raman162/UofICS410FinalProject.git,https://github.com/raman162/UofICS410FinalProject,main
gnsandeep,gnsandeep/CourseProject,2020-12-14 22:22:48,git@github.com:gnsandeep/CourseProject.git,https://github.com/gnsandeep/CourseProject,main
Wenfan1993,Wenfan1993/CourseProject,2020-12-13 22:01:13,git@github.com:Wenfan1993/CourseProject.git,https://github.com/Wenfan1993/CourseProject,main
theRocket,theRocket/CourseProject,2020-12-16 19:30:37,git@github.com:theRocket/CourseProject.git,https://github.com/theRocket/CourseProject,main
pebblespot,pebblespot/CourseProject,2020-12-14 04:46:09,git@github.com:pebblespot/CourseProject.git,https://github.com/pebblespot/CourseProject,main
AnantSharma18,AnantSharma18/CourseProject,2020-12-13 08:25:21,git@github.com:AnantSharma18/CourseProject.git,https://github.com/AnantSharma18/CourseProject,main
ElizWang,ElizWang/CourseProject,2020-12-11 07:39:13,git@github.com:ElizWang/CourseProject.git,https://github.com/ElizWang/CourseProject,main
bachman5,bachman5/CS410-BiasDetector,2020-12-16 01:15:05,git@github.com:bachman5/CS410-BiasDetector.git,https://github.com/bachman5/CS410-BiasDetector,main
rohankk2,rohankk2/Twitter-Recommendations-based-on-text,2020-12-14 02:23:51,git@github.com:rohankk2/Twitter-Recommendations-based-on-text.git,https://github.com/rohankk2/Twitter-Recommendations-based-on-text,main
nadiam2,nadiam2/CourseProject,2020-12-11 04:12:13,git@github.com:nadiam2/CourseProject.git,https://github.com/nadiam2/CourseProject,main
Finkoy,Finkoy/CourseProject,2020-12-13 20:45:48,git@github.com:Finkoy/CourseProject.git,https://github.com/Finkoy/CourseProject,main
surajbisht1809,surajbisht1809/CourseProject,2020-12-14 15:48:55,git@github.com:surajbisht1809/CourseProject.git,https://github.com/surajbisht1809/CourseProject,main
falobba2,falobba2/CourseProject,2020-10-18 00:13:21,git@github.com:falobba2/CourseProject.git,https://github.com/falobba2/CourseProject,main
czhu99,czhu99/CourseProject,2020-12-14 05:54:29,git@github.com:czhu99/CourseProject.git,https://github.com/czhu99/CourseProject,main
MLwithSandy,MLwithSandy/CourseProject,2020-12-13 17:37:43,git@github.com:MLwithSandy/CourseProject.git,https://github.com/MLwithSandy/CourseProject,main
cf16-uiuc,cf16-uiuc/CourseProject,2020-12-14 05:57:51,git@github.com:cf16-uiuc/CourseProject.git,https://github.com/cf16-uiuc/CourseProject,main
seuaciuc,seuaciuc/CourseProject,2020-12-14 01:02:39,git@github.com:seuaciuc/CourseProject.git,https://github.com/seuaciuc/CourseProject,main
Sembian2-CS410Fall2020,Sembian2-CS410Fall2020/CourseProject,2020-12-15 00:10:18,git@github.com:Sembian2-CS410Fall2020/CourseProject.git,https://github.com/Sembian2-CS410Fall2020/CourseProject,main
mkhanal2,mkhanal2/CourseProject,2020-12-12 14:46:07,git@github.com:mkhanal2/CourseProject.git,https://github.com/mkhanal2/CourseProject,main
mattzeeee,mattzeeee/TextInformationSystemsCourseProject,2020-12-13 17:02:09,git@github.com:mattzeeee/TextInformationSystemsCourseProject.git,https://github.com/mattzeeee/TextInformationSystemsCourseProject,main
seanlai12,seanlai12/CourseProject,2020-12-12 07:22:37,git@github.com:seanlai12/CourseProject.git,https://github.com/seanlai12/CourseProject,main
yil7,yil7/CourseProject,2020-12-13 23:18:57,git@github.com:yil7/CourseProject.git,https://github.com/yil7/CourseProject,main
yy228731,yy228731/CourseProject,2020-12-13 21:22:09,git@github.com:yy228731/CourseProject.git,https://github.com/yy228731/CourseProject,main
bo8b,bo8b/CourseProject,2020-12-14 01:57:28,git@github.com:bo8b/CourseProject.git,https://github.com/bo8b/CourseProject,main
purecod3,purecod3/CourseProject,2020-12-09 06:13:58,git@github.com:purecod3/CourseProject.git,https://github.com/purecod3/CourseProject,main
LeoGJC,LeoGJC/Movie-Sentiment-Analysis-Engine,2021-03-29 20:45:38,git@github.com:LeoGJC/Movie-Sentiment-Analysis-Engine.git,https://github.com/LeoGJC/Movie-Sentiment-Analysis-Engine,main
dixonliang,dixonliang/CS410CourseProject,2020-12-09 14:13:37,git@github.com:dixonliang/CS410CourseProject.git,https://github.com/dixonliang/CS410CourseProject,main
hpandeycodeit,hpandeycodeit/CourseProject,2020-12-14 15:30:55,git@github.com:hpandeycodeit/CourseProject.git,https://github.com/hpandeycodeit/CourseProject,main
97agupta,97agupta/CourseProject,2020-12-14 19:06:18,git@github.com:97agupta/CourseProject.git,https://github.com/97agupta/CourseProject,main
JamesFCoffey,JamesFCoffey/CourseProject,2020-12-14 02:16:24,git@github.com:JamesFCoffey/CourseProject.git,https://github.com/JamesFCoffey/CourseProject,main
Parkkeo1,Parkkeo1/CourseProject,2020-12-09 00:42:44,git@github.com:Parkkeo1/CourseProject.git,https://github.com/Parkkeo1/CourseProject,main
sajidws,sajidws/CourseProject,2020-12-16 00:54:09,git@github.com:sajidws/CourseProject.git,https://github.com/sajidws/CourseProject,main
Diegoma89,Diegoma89/CS410_CourseProject_DM,2020-12-14 05:56:01,git@github.com:Diegoma89/CS410_CourseProject_DM.git,https://github.com/Diegoma89/CS410_CourseProject_DM,main
cds95,cds95/CourseProject,2020-12-13 22:48:28,git@github.com:cds95/CourseProject.git,https://github.com/cds95/CourseProject,main
rohang62,rohang62/CourseProject,2020-12-12 17:35:43,git@github.com:rohang62/CourseProject.git,https://github.com/rohang62/CourseProject,main
Jon-LaFlamme,Jon-LaFlamme/CourseProject,2020-12-13 19:01:27,git@github.com:Jon-LaFlamme/CourseProject.git,https://github.com/Jon-LaFlamme/CourseProject,main
ShyamShah11,ShyamShah11/CourseProject,2020-12-12 20:42:01,git@github.com:ShyamShah11/CourseProject.git,https://github.com/ShyamShah11/CourseProject,main
dvillevald,dvillevald/CourseProject,2020-12-12 20:56:44,git@github.com:dvillevald/CourseProject.git,https://github.com/dvillevald/CourseProject,main
difangu,difangu/CourseProject,2020-12-15 01:29:49,git@github.com:difangu/CourseProject.git,https://github.com/difangu/CourseProject,main
zachdick93,zachdick93/CourseProject,2020-12-13 21:41:57,git@github.com:zachdick93/CourseProject.git,https://github.com/zachdick93/CourseProject,main
mariahuipe,mariahuipe/CourseProject,2020-12-14 03:18:00,git@github.com:mariahuipe/CourseProject.git,https://github.com/mariahuipe/CourseProject,main
chenyuzhao98,chenyuzhao98/CourseProject,2020-12-14 03:29:44,git@github.com:chenyuzhao98/CourseProject.git,https://github.com/chenyuzhao98/CourseProject,main
myusername-2,myusername-2/CourseProject,2020-11-22 19:52:23,git@github.com:myusername-2/CourseProject.git,https://github.com/myusername-2/CourseProject,main
NikhilDIL,NikhilDIL/CourseProject,2020-12-14 05:48:08,git@github.com:NikhilDIL/CourseProject.git,https://github.com/NikhilDIL/CourseProject,main
pwasal3,pwasal3/CourseProject,2020-10-14 23:48:48,git@github.com:pwasal3/CourseProject.git,https://github.com/pwasal3/CourseProject,main
mikepigott,mikepigott/TextInformationSystemsCourseProject,2020-12-13 23:14:47,git@github.com:mikepigott/TextInformationSystemsCourseProject.git,https://github.com/mikepigott/TextInformationSystemsCourseProject,main
azk0019,azk0019/CourseProject,2020-12-15 12:50:10,git@github.com:azk0019/CourseProject.git,https://github.com/azk0019/CourseProject,main
